{"cameraMode":{"drawMode":0,"name":"Shaded","section":"Shading Mode"},"sceneLighting":false,"audioPlay":false,"sceneViewState":{"m_AlwaysRefresh":false,"showFog":false,"showSkybox":false,"showFlares":false,"showImageEffects":false,"showParticleSystems":false,"showVisualEffectGraphs":true,"m_FxEnabled":true},"in2DMode":false,"pivot":{"x":-0.08398160338401795,"y":1.5565367937088013,"z":0.35654014348983767},"rotation":{"x":0.024329589679837228,"y":0.974190354347229,"z":-0.12875701487064362,"w":0.18392081558704377},"size":0.6458460688591003,"orthographic":false}