{"cameraMode":{"drawMode":0,"name":"Shaded","section":"Shading Mode"},"sceneLighting":true,"audioPlay":false,"sceneViewState":{"m_AlwaysRefresh":false,"showFog":true,"showSkybox":true,"showFlares":true,"showImageEffects":true,"showParticleSystems":true,"showVisualEffectGraphs":true,"m_FxEnabled":true},"in2DMode":false,"pivot":{"x":-0.13821619749069215,"y":0.44877931475639346,"z":0.025624990463256837},"rotation":{"x":-0.11058801412582398,"y":-0.33250123262405398,"z":0.0392393097281456,"w":-0.9358129501342773},"size":0.5399354100227356,"orthographic":false}